{
  "n_pseudo": 100,
  "n_pos": 64,
  "n_neg": 36,
  "cv_lgb": 0.8493104539468983,
  "cv_xgb": 0.8445541230419196,
  "cv_cat": 0.8531486377509875,
  "cv_ensemble": 0.8527766152073287,
  "exp24_cv": 0.8523
}