{
  "model": "Exp49 Interaction Search",
  "cv_final": 0.8448858809505178,
  "cv_individual": {
    "cat": 0.8440142366675853,
    "lgb": 0.8413295495918527,
    "xgb": 0.8420996816258292
  },
  "weights": [
    0.4,
    0.3,
    0.3
  ]
}