{
  "model": "Exp47 Leak-Free + Exp07 Params",
  "cv_final": 0.8456503419091337,
  "cv_individual": {
    "cat": 0.8449040283916717,
    "lgb": 0.845053177673657,
    "xgb": 0.833982104354592
  },
  "weights": [
    0.4,
    0.3,
    0.3
  ]
}