{
  "base_cv": 0.8508331376812335,
  "methods": {
    "raw": {
      "cv": 0.8508331376812335
    },
    "isotonic": {
      "cv": 0.8545190531118891
    },
    "power_0.5": {
      "cv": 0.8508331376812335
    },
    "power_0.8": {
      "cv": 0.8508331376812335
    },
    "power_1.2": {
      "cv": 0.8508331376812335
    },
    "power_1.5": {
      "cv": 0.8508331376812335
    },
    "power_2.0": {
      "cv": 0.8508331376812335
    },
    "rank": {
      "cv": 0.8508331376812335
    },
    "clip_0.01": {
      "cv": 0.8508254817294966
    },
    "clip_0.05": {
      "cv": 0.8507497728734318
    },
    "clip_0.1": {
      "cv": 0.8502680150215443
    },
    "dist_match": {
      "cv": 0.8508331376812335
    },
    "blend_prior_0.1": {
      "cv": 0.8508331376812335
    },
    "blend_prior_0.2": {
      "cv": 0.8508331376812335
    },
    "blend_prior_0.3": {
      "cv": 0.8508331376812335
    }
  },
  "oof_stats": {
    "mean": 0.6497166134556208,
    "std": 0.2924342887050406
  },
  "test_stats": {
    "mean": 0.6402935764858135,
    "std": 0.2984027756755976
  },
  "exp33_lb": 0.8513
}