{
  "postprocessing_results": {
    "Baseline": 0.8528219838102141,
    "Rank": 0.8528219838102141,
    "Isotonic": 0.8566661222434321,
    "Platt": 0.8528219838102141,
    "Power_0.5": 0.8528219838102141,
    "Clip_0.05": 0.8528219838102141,
    "Blend_Rank": 0.8528219838102141
  },
  "best_method": "Isotonic",
  "best_cv": 0.8566661222434321,
  "exp13_cv": 0.85138,
  "exp13_lb": 0.84524
}