{
  "n_features": 10,
  "threshold": 0.4,
  "cv_final": 0.8487484503786579,
  "cv_std": 0.0005616297277301,
  "removed_features": [
    "Broad_Jump_Type_Z",
    "School_Count",
    "Age_x_Momentum",
    "Momentum_Pos_Diff",
    "School",
    "Age_x_Speed",
    "Weight_Type_Z",
    "Bench_Press_Reps_Pos_Z",
    "Weight_Pos_Z",
    "BMI_x_Speed",
    "Momentum_Type_Z",
    "BMI_Pos_Diff",
    "Bench_Press_Reps_Pos_Diff",
    "Work_Rate_Vertical_Type_Z",
    "Year",
    "Height_Pos_Diff",
    "BMI_Type_Z",
    "Bench_per_Weight",
    "Sprint_Efficiency",
    "Broad_Jump_Year_Rank",
    "Position_Type_TE"
  ],
  "feature_stability": {
    "School_TE": {
      "mean": 4.2269487975117075,
      "std": 1.4747243816099918,
      "cv": 0.3488862657724253
    },
    "Age_Year_Diff": {
      "mean": 15.645852700561258,
      "std": 5.814171787073279,
      "cv": 0.3716110523543117
    },
    "Broad_Jump_Type_Z": {
      "mean": 1.4366742270253523,
      "std": 0.8241704020129028,
      "cv": 0.5736654743657432
    },
    "School_Count": {
      "mean": 2.735001646367456,
      "std": 1.6178420889102096,
      "cv": 0.5915324003551602
    },
    "Age_x_Momentum": {
      "mean": 1.7005753764447336,
      "std": 1.0231440507393041,
      "cv": 0.6016458105010027
    },
    "Momentum_Pos_Diff": {
      "mean": 2.672016431388095,
      "std": 1.264752237756581,
      "cv": 0.47333250755955014
    },
    "School": {
      "mean": 0.6888193548517646,
      "std": 0.630555051794731,
      "cv": 0.9154142479618425
    },
    "Age_x_Speed": {
      "mean": 3.001367127697518,
      "std": 1.2990256310251396,
      "cv": 0.4328113075518351
    },
    "Agility_3cone_Pos_Z": {
      "mean": 1.139423082363013,
      "std": 0.436734551661165,
      "cv": 0.38329445697826814
    },
    "Weight_Type_Z": {
      "mean": 1.1732630811761937,
      "std": 0.626141630663265,
      "cv": 0.5336753884577974
    },
    "Bench_Press_Reps_Pos_Z": {
      "mean": 1.5022243559464534,
      "std": 1.0597151660157722,
      "cv": 0.7054306913281084
    },
    "Weight_Pos_Z": {
      "mean": 1.9993391532945817,
      "std": 0.8722873223305325,
      "cv": 0.43628782082795603
    },
    "Speed_Score_Year_Rank": {
      "mean": 5.571512507131029,
      "std": 1.3368130719431026,
      "cv": 0.23993719303476566
    },
    "BMI_x_Speed": {
      "mean": 1.8991180364867297,
      "std": 1.3691517233683237,
      "cv": 0.7209408246309374
    },
    "Momentum_Type_Z": {
      "mean": 1.4175234551040368,
      "std": 0.8216588733840277,
      "cv": 0.5796439348975421
    },
    "BMI_Pos_Diff": {
      "mean": 1.3664685628853208,
      "std": 0.6087538918324624,
      "cv": 0.4454942530858662
    },
    "Age_div_Explosion": {
      "mean": 2.782380820077523,
      "std": 1.0645714055280864,
      "cv": 0.38261168198397943
    },
    "Bench_Press_Reps_Pos_Diff": {
      "mean": 1.2099417526564573,
      "std": 0.5361355194657494,
      "cv": 0.4431085366252877
    },
    "Position_TE": {
      "mean": 1.7647479952004792,
      "std": 0.6602139619853171,
      "cv": 0.3741123173073242
    },
    "Work_Rate_Vertical_Type_Z": {
      "mean": 2.1226203185825043,
      "std": 0.8765346263349997,
      "cv": 0.41294932429510456
    },
    "Age": {
      "mean": 26.971870097404473,
      "std": 8.929690088769243,
      "cv": 0.3310741916110388
    },
    "Year": {
      "mean": 2.6478811670939084,
      "std": 1.5288015932589922,
      "cv": 0.5773679016264689
    },
    "Height_Pos_Diff": {
      "mean": 2.5636378268224664,
      "std": 1.0566742739312092,
      "cv": 0.4121776730060579
    },
    "Height_x_Weight": {
      "mean": 2.453521004203257,
      "std": 0.9349358212822598,
      "cv": 0.3810588210341243
    },
    "BMI_Type_Z": {
      "mean": 1.372367922592809,
      "std": 0.793365364898049,
      "cv": 0.5780996129240161
    },
    "Agility_3cone_Type_Z": {
      "mean": 1.2796993085373514,
      "std": 0.4820178096566601,
      "cv": 0.37666489807665987
    },
    "Bench_per_Weight": {
      "mean": 0.9889606789539722,
      "std": 0.6538309763146951,
      "cv": 0.661129395902921
    },
    "Sprint_Efficiency": {
      "mean": 1.5211398938405651,
      "std": 0.8639439095239002,
      "cv": 0.5679582219659126
    },
    "Broad_Jump_Year_Rank": {
      "mean": 1.3290021937486187,
      "std": 0.6312266453572033,
      "cv": 0.4749628317235899
    },
    "Position_Type_TE": {
      "mean": 1.1985891753066689,
      "std": 0.5951316761979737,
      "cv": 0.4965268237100937
    },
    "Agility_3cone_Pos_Diff": {
      "mean": 1.6175119487436975,
      "std": 0.630958850820333,
      "cv": 0.3900798700568384
    }
  },
  "exp33_cv": 0.85083,
  "exp33_lb": 0.8513
}