{
  "experiment": "exp08_boost",
  "timestamp": "2025-12-05T09:30:42.622793",
  "cv_lgb": 0.8379847493441401,
  "cv_xgb": 0.8415405135952688,
  "cv_cat": 0.844732194808244,
  "cv_final": 0.8447259566253472,
  "weights": {
    "lgb": 0.25,
    "xgb": 0.25,
    "cat": 0.5
  },
  "n_features": 117
}