{
  "experiment": "exp05_tabnet",
  "timestamp": "2025-12-05T09:04:16.358777",
  "cv_lgb": 0.8337127282749609,
  "cv_xgb": 0.8356726519196023,
  "cv_cat": 0.8413624418289445,
  "cv_tabnet": 0.7656785384958267,
  "cv_final_4model": 0.842636732462483,
  "cv_final_3model": 0.8410771867383037,
  "weights": {
    "lgb": 0.25,
    "xgb": 0.25,
    "cat": 0.3,
    "tabnet": 0.2
  }
}