{
  "cv_baseline": 0.8465117782564164,
  "cv_pseudo": 0.8481705677994072,
  "exp07_cv": 0.84651
}