{
  "model": "Exp46 Leak-Free Ensemble",
  "cv_final": 0.8472756721074963,
  "cv_individual": {
    "cat": 0.8457966556534384,
    "lgb": 0.8432838021611334,
    "xgb": 0.8438293596108281
  },
  "weights": [
    0.4,
    0.3,
    0.3
  ]
}