{
  "experiment": "exp10_final_ensemble",
  "timestamp": "2025-12-05T15:10:55.266813",
  "cv_lgb": 0.843411968464284,
  "cv_xgb": 0.8420582827756966,
  "cv_cat": 0.8474526096587487,
  "cv_tabnet": 0.8359953361076234,
  "cv_gbdt_ensemble": 0.8465117782564164,
  "cv_4model": 0.8502155575744583,
  "cv_blended": 0.8501526086379553,
  "cv_final": 0.8502155575744583,
  "ensemble_type": "4-model",
  "weights_4model": [
    0.2,
    0.2,
    0.4,
    0.2
  ],
  "blend_alpha": 0.694836891499397
}