{
  "experiment": "exp06_stacking",
  "timestamp": "2025-12-05T09:09:46.199292",
  "cv_lgb": 0.8408940110041547,
  "cv_xgb": 0.8397717051902815,
  "cv_cat": 0.8437624409215725,
  "cv_weighted": 0.843575862542207,
  "cv_stacking": 0.8430955224591598,
  "cv_final": 0.8435752954346709,
  "blend_alpha": 0.9876698477390619,
  "weights": {
    "lgb": 0.3,
    "xgb": 0.3,
    "cat": 0.4
  },
  "n_seeds": 10
}