{
  "cv_lgb": 0.8470788857924819,
  "cv_xgb": 0.8446482628929062,
  "cv_cat": 0.8510112094475578,
  "cv_et": 0.8293182119779917,
  "cv_rf": 0.8388218000673723,
  "cv_3model": 0.8513758595932477,
  "cv_5model_equal": 0.8484490175996152,
  "cv_5model_gbdt": 0.8503085632103732,
  "cv_5model_opt": 0.8484490175996152,
  "best_weights": [
    0.2,
    0.2,
    0.2,
    0.2,
    0.2
  ],
  "best_ensemble": "3-Model",
  "best_cv": 0.8513758595932477,
  "exp13_cv": 0.85138,
  "exp13_lb": 0.84524
}