{
  "n_features": 31,
  "n_pseudo": 100,
  "n_pos": 64,
  "n_neg": 36,
  "cv_lgb": 0.8487501517012659,
  "cv_xgb": 0.8421881504014554,
  "cv_cat": 0.8533749136578777,
  "cv_ensemble": 0.8521397534443276,
  "exp21_cv": 0.85161,
  "exp21_lb": 0.84582,
  "lb_score": 0.84466
}