{
  "experiment": "exp02_target_encoding",
  "timestamp": "2025-12-05T08:19:27.624978",
  "cv_lgb": 0.8373183979892637,
  "cv_xgb": 0.8371675473846703,
  "cv_cat": 0.841366978689233,
  "cv_final": 0.8415025173903526,
  "weights": {
    "lgb": 0.3,
    "xgb": 0.3,
    "cat": 0.4
  },
  "n_features": 92,
  "n_seeds": 3
}