{
  "n_features": 31,
  "model": "CatBoost fine-tuned",
  "n_trials": 30,
  "base_params": {
    "learning_rate": 0.07718772443488796,
    "depth": 3,
    "l2_leaf_reg": 0.0033458292447738312,
    "subsample": 0.8523245279212943,
    "min_data_in_leaf": 71,
    "random_strength": 1.2032200146196355
  },
  "best_params": {
    "learning_rate": 0.07727780074568463,
    "depth": 2,
    "l2_leaf_reg": 0.01673808578875214,
    "subsample": 0.7778987721304084,
    "min_data_in_leaf": 64,
    "random_strength": 1.0930894746349535,
    "iterations": 10000,
    "loss_function": "Logloss",
    "eval_metric": "AUC",
    "verbose": false,
    "allow_writing_files": false,
    "random_seed": 999
  },
  "tuning_cv": 0.8452718921467327,
  "final_cv": 0.8514064834001953,
  "exp33_cv": 0.85083,
  "exp33_lb": 0.8513,
  "exp37_cv": 0.85307,
  "exp37_lb": 0.84655
}