{
  "experiment": "exp01_baseline",
  "timestamp": "2025-12-05T08:17:04.920564",
  "cv_lgb": 0.8321639575939668,
  "cv_xgb": 0.8337365467914757,
  "cv_cat": 0.837321233526944,
  "cv_final": 0.8389000609073494,
  "weights": {
    "lgb": 0.3,
    "xgb": 0.3,
    "cat": 0.4
  },
  "n_features": 56,
  "n_seeds": 3
}