{
  "exp33_catboost_default": {
    "name": "exp33_catboost_default",
    "known_cv": 0.85083,
    "known_lb": 0.8513,
    "train_aucs": [
      0.9416917041193852,
      0.9258984700899665,
      0.9115284398176933,
      0.9772027585326818,
      0.9479832970881564,
      0.9063516499888262,
      0.9281215071305463,
      0.9585363736686134,
      0.9624290826336862,
      0.8889612610840232,
      0.9777234659165481,
      0.9040728518465377,
      0.9459022607666733,
      0.89814307717121,
      0.9651550035181748
    ],
    "val_aucs": [
      0.8202696591101816,
      0.8588962284253143,
      0.8714539384899496,
      0.7953656462585035,
      0.8677295918367346,
      0.8342755384702358,
      0.8576319340862276,
      0.8394488244903758,
      0.838732993197279,
      0.8562783446712019,
      0.8375261461925491,
      0.8438809574543646,
      0.8467078627743447,
      0.8361536281179138,
      0.8342545351473922
    ],
    "train_val_gaps": [
      0.12142204500920362,
      0.06700224166465218,
      0.040074501327743706,
      0.18183711227417831,
      0.08025370525142184,
      0.07207611151859039,
      0.07048957304431869,
      0.1190875491782376,
      0.1236960894364072,
      0.03268291641282128,
      0.14019731972399907,
      0.060191894392173095,
      0.09919439799232854,
      0.061989449053296175,
      0.13090046837078262
    ],
    "early_stop_iters": [
      186,
      162,
      138,
      320,
      219,
      113,
      159,
      228,
      259,
      100,
      378,
      118,
      210,
      97,
      263
    ],
    "fold_val_aucs": [
      0.8202696591101816,
      0.8588962284253143,
      0.8714539384899496,
      0.7953656462585035,
      0.8677295918367346,
      0.8342755384702358,
      0.8576319340862276,
      0.8394488244903758,
      0.838732993197279,
      0.8562783446712019,
      0.8375261461925491,
      0.8438809574543646,
      0.8467078627743447,
      0.8361536281179138,
      0.8342545351473922
    ],
    "seed_cvs": [
      0.8386352216880071,
      0.8436405128013182,
      0.8381129156472908
    ],
    "mean_train_auc": 0.9359800802248482,
    "mean_val_auc": 0.842573721914838,
    "mean_gap": 0.09340635831001029,
    "std_gap": 0.04023493207457687,
    "mean_iter": 196.66666666666666,
    "std_iter": 80.28255656672182,
    "cv_variance": 0.0024917658403088836,
    "final_cv": 0.8474055397332553,
    "pred_mean": 0.6503651361183,
    "pred_std": 0.29434429352118313,
    "pred_min": 0.001332842525413363,
    "pred_max": 0.9945420044540881,
    "pred_extreme_low": 0.1449119021934556,
    "pred_extreme_high": 0.1413160733549083
  },
  "exp37_catboost_wide_tune": {
    "name": "exp37_catboost_wide_tune",
    "known_cv": 0.85307,
    "known_lb": 0.84655,
    "train_aucs": [
      0.942435733263335,
      0.9572149508540535,
      0.8982628426886882,
      0.8715050876176197,
      0.9347445025194385,
      0.9950312332615612,
      0.907085022752917,
      0.9742357978045959,
      0.9543036051987458,
      0.9398321201390256,
      0.9418903483723587,
      0.9357869993959715,
      0.9624182746044145,
      0.9155948196868913,
      0.9049268627273741
    ],
    "val_aucs": [
      0.8111962236418113,
      0.8588109950990838,
      0.8769372824774486,
      0.8003401360544218,
      0.8692318594104308,
      0.8512352309344791,
      0.8639960224447759,
      0.856609134171461,
      0.8451814058956916,
      0.8658163265306124,
      0.847489965515292,
      0.8526884011648554,
      0.8483415015270971,
      0.8402777777777778,
      0.8291808390022676
    ],
    "train_val_gaps": [
      0.13123950962152364,
      0.09840395575496974,
      0.021325560211239547,
      0.07116495156319791,
      0.06551264310900773,
      0.14379600232708212,
      0.04308900030814111,
      0.1176266636331349,
      0.10912219930305422,
      0.07401579360841326,
      0.09440038285706676,
      0.0830985982311161,
      0.11407677307731745,
      0.07531704190911348,
      0.07574602372510653
    ],
    "early_stop_iters": [
      211,
      292,
      110,
      48,
      205,
      700,
      129,
      355,
      245,
      200,
      215,
      184,
      305,
      142,
      118
    ],
    "fold_val_aucs": [
      0.8111962236418113,
      0.8588109950990838,
      0.8769372824774486,
      0.8003401360544218,
      0.8692318594104308,
      0.8512352309344791,
      0.8639960224447759,
      0.856609134171461,
      0.8451814058956916,
      0.8658163265306124,
      0.847489965515292,
      0.8526884011648554,
      0.8483415015270971,
      0.8402777777777778,
      0.8291808390022676
    ],
    "seed_cvs": [
      0.8426520443659566,
      0.8532603579355926,
      0.8425703808807634
    ],
    "mean_train_auc": 0.9356845467257993,
    "mean_val_auc": 0.8478222067765004,
    "mean_gap": 0.08786233994929897,
    "std_gap": 0.03153604775885975,
    "mean_iter": 230.6,
    "std_iter": 147.97603409561518,
    "cv_variance": 0.005020165946231393,
    "final_cv": 0.8525662183114486,
    "pred_mean": 0.6526541329467911,
    "pred_std": 0.29473052358058943,
    "pred_min": 0.002110251154385218,
    "pred_max": 0.995691176627806,
    "pred_extreme_low": 0.1474289823804387,
    "pred_extreme_high": 0.14922689679971232
  }
}