{
  "model": "Ensemble (Cat+LGB+XGB)",
  "weights": {
    "cat": 0.3333333333333333,
    "lgb": 0.3333333333333333,
    "xgb": 0.3333333333333333
  },
  "cv_individual": {
    "cat": 0.8508331376812335,
    "lgb": 0.848638998624197,
    "xgb": 0.8432633862898351
  },
  "cv_ensemble": 0.8514529862181526,
  "improvement": 0.0006229862181525991
}